{"cameraMode":{"drawMode":0,"name":"Shaded","section":"Shading Mode"},"sceneLighting":true,"audioPlay":false,"sceneViewState":{"showFog":true,"showMaterialUpdate":false,"showSkybox":true,"showFlares":true,"showImageEffects":true,"showParticleSystems":true,"showVisualEffectGraphs":true,"m_FxEnabled":true},"in2DMode":false,"pivot":{"x":-3.745131731033325,"y":5.75421667098999,"z":8.174983978271485},"rotation":{"x":0.004184064920991659,"y":0.05126166343688965,"z":0.00024329681764356792,"w":-0.9987133145332336},"size":9.60633373260498,"orthographic":false}