{"cameraMode":{"drawMode":0,"name":"Shaded","section":"Shading Mode"},"sceneLighting":true,"audioPlay":false,"sceneViewState":{"showFog":true,"showMaterialUpdate":false,"showSkybox":true,"showFlares":true,"showImageEffects":true,"showParticleSystems":true,"showVisualEffectGraphs":true,"m_FxEnabled":true},"in2DMode":false,"pivot":{"x":-1.5444883108139039,"y":3.706017017364502,"z":-6.719182014465332},"rotation":{"x":0.17348772287368775,"y":-0.006614492274820805,"z":0.0021491488441824915,"w":0.9852317571640015},"size":3.703228712081909,"orthographic":false}