{"cameraMode":{"drawMode":0,"name":"Shaded","section":"Shading Mode"},"sceneLighting":true,"audioPlay":false,"sceneViewState":{"showFog":true,"showMaterialUpdate":false,"showSkybox":true,"showFlares":true,"showImageEffects":true,"showParticleSystems":true,"showVisualEffectGraphs":true,"m_FxEnabled":false},"in2DMode":false,"pivot":{"x":11.369760513305664,"y":11.78427505493164,"z":-29.245708465576173},"rotation":{"x":-0.006647258531302214,"y":0.9933059215545654,"z":-0.10500354319810868,"w":-0.0644671693444252},"size":3.5073776245117189,"orthographic":false}