{"cameraMode":{"drawMode":0,"name":"Shaded","section":"Shading Mode"},"sceneLighting":true,"audioPlay":false,"sceneViewState":{"showFog":true,"showMaterialUpdate":false,"showSkybox":true,"showFlares":true,"showImageEffects":true,"showParticleSystems":true,"showVisualEffectGraphs":true,"m_FxEnabled":true},"in2DMode":false,"pivot":{"x":-1.3245515823364258,"y":5.439461708068848,"z":-10.48106861114502},"rotation":{"x":0.20451903343200684,"y":0.012716534547507763,"z":-0.0007513753953389823,"w":0.9795527458190918},"size":1.9115374088287354,"orthographic":false}