{"cameraMode":{"drawMode":0,"name":"Shaded","section":"Shading Mode"},"sceneLighting":true,"audioPlay":false,"sceneViewState":{"showFog":true,"showMaterialUpdate":false,"showSkybox":true,"showFlares":true,"showImageEffects":true,"showParticleSystems":true,"showVisualEffectGraphs":true,"m_FxEnabled":true},"in2DMode":false,"pivot":{"x":-1.6052114963531495,"y":5.884144306182861,"z":-11.089123725891114},"rotation":{"x":0.13623081147670747,"y":-0.048213906586170199,"z":0.008519177325069905,"w":0.9902312755584717},"size":0.11153750121593476,"orthographic":false}