{"cameraMode":{"drawMode":0,"name":"Shaded","section":"Shading Mode"},"sceneLighting":true,"audioPlay":false,"sceneViewState":{"showFog":true,"showMaterialUpdate":false,"showSkybox":true,"showFlares":true,"showImageEffects":true,"showParticleSystems":true,"showVisualEffectGraphs":true,"m_FxEnabled":false},"in2DMode":false,"pivot":{"x":-1.7312421798706055,"y":3.953195333480835,"z":-7.5836615562438969},"rotation":{"x":-0.1586284637451172,"y":0.042955685406923297,"z":-0.0070604002103209499,"w":-0.987332820892334},"size":3.5073776245117189,"orthographic":false}